clause_id,clause_text
CL-001,"The Supplier shall provide dedicated compute capacity and platform hosting, billed monthly in arrears."
CL-002,"Counsel shall review and redline all master services agreements prior to execution."
CL-003,"Contractor will perform nightly janitorial services across all floors of the premises."
CL-004,"The Vendor shall conduct an annual penetration test and deliver a written security audit report."
CL-005,"Agency fees are payable upon successful placement of each contract engineer."
CL-006,"Carrier shall transport palletised goods to the regional warehouse and provide storage."
CL-007,"Provider shall deliver accredited certification workshops for up to forty staff members."
CL-008,"Supplier shall maintain a 24/7 incident response retainer with a one-hour SLA."
CL-009,"The Supplier shall provide dedicated compute capacity and platform hosting, billed monthly in arrears."
CL-010,"The parties shall meet quarterly to discuss performance and general commercial matters."
